longitud_bigotes_cms,peso_gr,longitud_piernas_cms,tipo_orejas,animal
5.0,10000.0,32.0,Puntiagudas,Perro
9.0,3400.0,32.0,Ovaladas,Perro
10.0,4000.0,15.0,Puntiagudas,Gato
6.0,3620.0,15.0,Puntiagudas,Gato
7.0,25000.0,15.0,Ovaladas,Perro
8.0,5000.0,20.0,Puntiagudas,Gato
13.0,4300.0,5.9,Puntiagudas,Gato
0.5,5100.0,15.0,Ovaladas,Perro
0.7,6200.0,20.0,Ovaladas,Perro
6.0,1500.0,12.0,Puntiagudas,Gato
3.0,4700.0,5.0,Ovaladas,Perro
12.0,1000.0,9.0,Puntiagudas,Gato
15.0,5600.0,25.0,Ovaladas,Perro
5.0,9000.0,20.0,Puntiagudas,Perro
3.0,2200.0,47.0,Puntiagudas,Perro
7.0,2500.0,24.0,Puntiagudas,Gato
7.0,5500.0,10.0,Puntiagudas,Perro
5.0,1500.0,15.0,Puntiagudas,Gato
5.0,2000.0,10.0,Ovaladas,Gato
10.0,2500.0,36.0,Puntiagudas,Perro
5.0,10000.0,35.0,Ovaladas,Perro
7.0,5000.0,25.0,Puntiagudas,Gato
5.0,10000.0,17.0,Ovaladas,Perro
5.0,6000.0,45.0,Ovaladas,Perro
5.0,1500.0,30.0,Puntiagudas,Perro
4.0,17000.0,40.0,Puntiagudas,Perro
0.0,6000.0,27.0,Ovaladas,Perro
5.0,2300.0,15.0,Ovaladas,Perro
3.0,9000.0,20.0,Puntiagudas,Perro
30.0,85000.0,100.0,Puntiagudas,Perro
3.0,1400.0,16.0,Puntiagudas,Perro
3.0,2600.0,20.0,Puntiagudas,Gato
8.0,4900.0,18.0,Puntiagudas,Gato
5.0,6500.0,25.0,Ovaladas,Perro
3.0,5000.0,15.0,Puntiagudas,Perro
3.0,8000.0,15.0,Ovaladas,Perro
2.0,4000.0,20.0,Puntiagudas,Perro
6.0,2000.0,10.0,Puntiagudas,Gato
3.0,5000.0,12.0,Ovaladas,Perro
5.0,3000.0,10.0,Puntiagudas,Gato
5.0,2500.0,15.0,Ovaladas,Perro
5.0,8000.0,27.0,Puntiagudas,Perro
5.0,5000.0,7.0,Puntiagudas,Gato
4.0,3000.0,15.0,Ovaladas,Perro
5.0,13375.0,26.0,Ovaladas,Perro
4.0,4630.0,23.0,Ovaladas,Perro
5.0,11186.0,25.0,Ovaladas,Perro
7.0,13180.0,31.0,Ovaladas,Perro
6.0,10945.0,26.0,Ovaladas,Perro
5.0,6580.0,24.0,Ovaladas,Perro
6.0,9570.0,25.0,Ovaladas,Perro
4.0,7471.0,22.0,Ovaladas,Perro
5.0,6353.0,25.0,Ovaladas,Perro
5.0,9832.0,26.0,Ovaladas,Perro
6.0,10050.0,27.0,Ovaladas,Perro
4.0,5877.0,23.0,Puntiagudas,Perro
8.0,16686.0,34.0,Ovaladas,Perro
5.0,9875.0,24.0,Puntiagudas,Perro
9.0,16200.0,34.0,Puntiagudas,Perro
5.0,6860.0,24.0,Ovaladas,Perro
8.0,12733.0,33.0,Ovaladas,Perro
4.0,7075.0,26.0,Ovaladas,Perro
4.0,8600.0,32.0,Ovaladas,Perro
6.0,9842.0,26.0,Ovaladas,Perro
5.0,6986.0,26.0,Ovaladas,Perro
7.0,11729.0,32.0,Puntiagudas,Perro
5.0,6935.0,24.0,Ovaladas,Perro
4.0,4390.0,27.0,Ovaladas,Perro
6.0,10932.0,29.0,Ovaladas,Perro
6.0,9486.0,27.0,Ovaladas,Perro
3.0,3567.0,22.0,Ovaladas,Perro
6.0,10443.0,28.0,Ovaladas,Perro
6.0,7191.0,20.0,Puntiagudas,Perro
9.0,17917.0,33.0,Ovaladas,Perro
6.0,10748.0,25.0,Ovaladas,Perro
6.0,4931.0,24.0,Ovaladas,Perro
6.0,9724.0,26.0,Ovaladas,Perro
3.0,3100.0,23.0,Ovaladas,Perro
7.0,13275.0,28.0,Ovaladas,Perro
4.0,6653.0,21.0,Ovaladas,Perro
7.0,13980.0,27.0,Ovaladas,Perro
4.0,8800.0,23.0,Puntiagudas,Perro
4.0,7340.0,23.0,Ovaladas,Perro
4.0,8522.0,22.0,Puntiagudas,Perro
3.0,4743.0,25.0,Puntiagudas,Perro
5.0,11250.0,29.0,Ovaladas,Perro
6.0,9126.0,24.0,Ovaladas,Perro
6.0,10218.0,26.0,Puntiagudas,Perro
6.0,10595.0,29.0,Puntiagudas,Perro
4.0,4933.0,24.0,Ovaladas,Perro
7.0,6750.0,21.0,Puntiagudas,Perro
6.0,10368.0,27.0,Ovaladas,Perro
6.0,10256.0,26.0,Ovaladas,Perro
6.0,10300.0,25.0,Ovaladas,Perro
7.0,13317.0,28.0,Ovaladas,Perro
4.0,7353.0,25.0,Puntiagudas,Perro
5.0,10907.0,26.0,Ovaladas,Perro
7.0,9317.0,28.0,Ovaladas,Perro
4.0,6250.0,29.0,Ovaladas,Perro
8.0,17475.0,26.0,Ovaladas,Perro
7.0,14788.0,30.0,Ovaladas,Perro
6.0,7440.0,26.0,Ovaladas,Perro
4.0,7786.0,25.0,Ovaladas,Perro
7.0,12654.0,27.0,Ovaladas,Perro
3.0,6380.0,23.0,Ovaladas,Perro
5.0,4721.0,22.0,Ovaladas,Perro
5.0,5458.0,20.0,Ovaladas,Perro
4.0,6941.0,26.0,Ovaladas,Perro
5.0,6737.0,23.0,Ovaladas,Perro
6.0,10165.0,26.0,Puntiagudas,Perro
7.0,11594.0,29.0,Ovaladas,Perro
4.0,6922.0,25.0,Puntiagudas,Perro
6.0,9672.0,26.0,Ovaladas,Perro
5.0,5240.0,22.0,Ovaladas,Perro
6.0,9252.0,27.0,Ovaladas,Perro
6.0,9514.0,26.0,Ovaladas,Perro
4.0,8183.0,20.0,Ovaladas,Perro
6.0,9454.0,26.0,Ovaladas,Perro
5.0,8770.0,29.0,Puntiagudas,Perro
5.0,7167.0,22.0,Ovaladas,Perro
6.0,9723.0,26.0,Ovaladas,Perro
3.0,4350.0,14.0,Ovaladas,Perro
4.0,10614.0,23.0,Ovaladas,Perro
7.0,13809.0,32.0,Puntiagudas,Perro
6.0,5038.0,25.0,Ovaladas,Perro
5.0,4911.0,24.0,Ovaladas,Perro
6.0,10491.0,25.0,Ovaladas,Perro
5.0,7212.0,25.0,Ovaladas,Perro
6.0,13060.0,31.0,Ovaladas,Perro
5.0,7221.0,24.0,Ovaladas,Perro
4.0,6460.0,24.0,Ovaladas,Perro
6.0,10123.0,28.0,Ovaladas,Perro
4.0,5575.0,19.0,Ovaladas,Perro
4.0,7800.0,20.0,Ovaladas,Perro
5.0,7175.0,23.0,Ovaladas,Perro
4.0,6688.0,23.0,Ovaladas,Perro
7.0,19400.0,35.0,Ovaladas,Perro
6.0,9676.0,28.0,Puntiagudas,Perro
4.0,7112.0,22.0,Ovaladas,Perro
6.0,9408.0,26.0,Ovaladas,Perro
8.0,12767.0,30.0,Ovaladas,Perro
7.0,14420.0,30.0,Ovaladas,Perro
7.0,16938.0,35.0,Puntiagudas,Perro
6.0,9991.0,26.0,Ovaladas,Perro
5.0,9900.0,26.0,Ovaladas,Perro
4.0,6129.0,23.0,Ovaladas,Perro
6.0,9200.0,27.0,Ovaladas,Perro
6.0,14588.0,28.0,Ovaladas,Perro
5.0,6535.0,21.0,Ovaladas,Perro
6.0,9914.0,24.0,Ovaladas,Perro
6.0,3125.0,23.0,Puntiagudas,Perro
6.0,12969.0,23.0,Puntiagudas,Perro
6.0,10447.0,27.0,Ovaladas,Perro
6.0,9791.0,27.0,Puntiagudas,Perro
5.0,3240.0,18.0,Ovaladas,Perro
4.0,5020.0,23.0,Puntiagudas,Perro
5.0,10485.0,26.0,Ovaladas,Perro
8.0,5700.0,24.0,Ovaladas,Perro
5.0,6861.0,23.0,Ovaladas,Perro
4.0,7022.0,20.0,Ovaladas,Perro
6.0,11217.0,27.0,Puntiagudas,Perro
5.0,6744.0,23.0,Ovaladas,Perro
6.0,11453.0,27.0,Ovaladas,Perro
8.0,14370.0,34.0,Ovaladas,Perro
5.0,6336.0,23.0,Ovaladas,Perro
6.0,3500.0,21.0,Ovaladas,Perro
6.0,15662.0,28.0,Ovaladas,Perro
5.0,6100.0,23.0,Ovaladas,Perro
7.0,13489.0,34.0,Puntiagudas,Perro
5.0,7527.0,26.0,Ovaladas,Perro
4.0,8043.0,21.0,Ovaladas,Perro
6.0,9816.0,26.0,Ovaladas,Perro
4.0,6900.0,24.0,Ovaladas,Perro
5.0,9361.0,26.0,Ovaladas,Perro
5.0,6588.0,24.0,Ovaladas,Perro
6.0,6673.0,21.0,Ovaladas,Perro
9.0,19771.0,33.0,Puntiagudas,Perro
5.0,4967.0,22.0,Ovaladas,Perro
6.0,10890.0,25.0,Ovaladas,Perro
4.0,7369.0,21.0,Puntiagudas,Perro
5.0,9741.0,26.0,Ovaladas,Perro
6.0,11269.0,26.0,Ovaladas,Perro
5.0,5740.0,18.0,Puntiagudas,Perro
6.0,9565.0,25.0,Ovaladas,Perro
6.0,9585.0,25.0,Ovaladas,Perro
6.0,5786.0,25.0,Ovaladas,Perro
4.0,7606.0,21.0,Ovaladas,Perro
4.0,6413.0,19.0,Ovaladas,Perro
5.0,12112.0,28.0,Ovaladas,Perro
6.0,9285.0,25.0,Ovaladas,Perro
5.0,6720.0,25.0,Ovaladas,Perro
4.0,5200.0,15.0,Ovaladas,Perro
4.0,5275.0,18.0,Ovaladas,Perro
5.0,7370.0,24.0,Ovaladas,Perro
5.0,6658.0,25.0,Ovaladas,Perro
6.0,9681.0,26.0,Ovaladas,Perro
6.0,9835.0,27.0,Ovaladas,Perro
5.0,8536.0,24.0,Ovaladas,Perro
5.0,8681.0,26.0,Ovaladas,Perro
6.0,9865.0,28.0,Puntiagudas,Perro
6.0,10978.0,27.0,Ovaladas,Perro
7.0,11353.0,27.0,Puntiagudas,Perro
5.0,9140.0,31.0,Puntiagudas,Perro
6.0,13020.0,27.0,Ovaladas,Perro
8.0,17629.0,39.0,Puntiagudas,Perro
5.0,10232.0,26.0,Ovaladas,Perro
5.0,9832.0,25.0,Ovaladas,Perro
7.0,11424.0,29.0,Puntiagudas,Perro
6.0,9346.0,27.0,Ovaladas,Perro
5.0,9250.0,24.0,Ovaladas,Perro
6.0,8200.0,22.0,Ovaladas,Perro
6.0,6700.0,30.0,Ovaladas,Perro
6.0,13589.0,28.0,Puntiagudas,Perro
3.0,3550.0,22.0,Puntiagudas,Perro
5.0,6358.0,24.0,Ovaladas,Perro
11.0,24875.0,44.0,Puntiagudas,Perro
6.0,10583.0,28.0,Puntiagudas,Perro
6.0,10571.0,26.0,Ovaladas,Perro
7.0,13767.0,30.0,Ovaladas,Perro
5.0,6986.0,23.0,Ovaladas,Perro
6.0,10747.0,28.0,Ovaladas,Perro
5.0,6300.0,24.0,Ovaladas,Perro
6.0,9828.0,27.0,Ovaladas,Perro
6.0,11000.0,26.0,Ovaladas,Perro
6.0,12080.0,28.0,Ovaladas,Perro
6.0,9452.0,26.0,Ovaladas,Perro
6.0,9618.0,27.0,Puntiagudas,Perro
4.0,9283.0,16.0,Ovaladas,Perro
5.0,9670.0,26.0,Ovaladas,Perro
6.0,9568.0,26.0,Ovaladas,Perro
4.0,6160.0,20.0,Ovaladas,Perro
6.0,12860.0,26.0,Ovaladas,Perro
8.0,18183.0,31.0,Puntiagudas,Perro
4.0,2280.0,22.0,Ovaladas,Perro
4.0,4600.0,23.0,Puntiagudas,Perro
5.0,4267.0,22.0,Puntiagudas,Perro
8.0,13900.0,32.0,Ovaladas,Perro
5.0,6813.0,23.0,Ovaladas,Perro
5.0,6756.0,22.0,Ovaladas,Perro
6.0,13177.0,28.0,Ovaladas,Perro
3.0,7069.0,24.0,Ovaladas,Perro
8.0,13170.0,28.0,Ovaladas,Perro
4.0,6429.0,22.0,Ovaladas,Perro
6.0,8833.0,22.0,Ovaladas,Perro
5.0,6200.0,22.0,Ovaladas,Perro
12.0,21620.0,38.0,Ovaladas,Perro
6.0,9280.0,26.0,Ovaladas,Perro
7.0,11971.0,31.0,Puntiagudas,Perro
6.0,9876.0,26.0,Ovaladas,Perro
6.0,10724.0,26.0,Ovaladas,Perro
5.0,10343.0,26.0,Puntiagudas,Perro
8.0,14778.0,33.0,Puntiagudas,Perro
5.0,6824.0,22.0,Ovaladas,Perro
4.0,6522.0,24.0,Puntiagudas,Perro
4.0,5960.0,23.0,Ovaladas,Perro
5.0,5667.0,25.0,Puntiagudas,Perro
8.0,14450.0,33.0,Ovaladas,Perro
5.0,4800.0,21.0,Ovaladas,Perro
6.0,11512.0,28.0,Puntiagudas,Perro
5.0,6408.0,23.0,Ovaladas,Perro
4.0,8280.0,26.0,Ovaladas,Perro
4.0,5767.0,16.0,Ovaladas,Perro
4.0,4483.0,15.0,Puntiagudas,Perro
6.0,9642.0,27.0,Ovaladas,Perro
6.0,10800.0,25.0,Puntiagudas,Perro
7.0,11462.0,28.0,Ovaladas,Perro
5.0,6500.0,22.0,Ovaladas,Perro
6.0,10161.0,26.0,Ovaladas,Perro
6.0,8820.0,26.0,Puntiagudas,Perro
5.0,8456.0,21.0,Ovaladas,Perro
5.0,6990.0,20.0,Ovaladas,Perro
6.0,9829.0,27.0,Ovaladas,Perro
6.0,10986.0,25.0,Ovaladas,Perro
5.0,7635.0,23.0,Ovaladas,Perro
6.0,10522.0,26.0,Ovaladas,Perro
7.0,14300.0,26.0,Ovaladas,Perro
5.0,6738.0,26.0,Ovaladas,Perro
4.0,7067.0,31.0,Puntiagudas,Perro
5.0,12621.0,29.0,Ovaladas,Perro
6.0,11205.0,26.0,Ovaladas,Perro
5.0,9913.0,24.0,Ovaladas,Perro
7.0,7060.0,25.0,Ovaladas,Perro
6.0,10226.0,26.0,Ovaladas,Perro
4.0,4800.0,25.0,Ovaladas,Perro
6.0,10124.0,27.0,Puntiagudas,Perro
6.0,9400.0,27.0,Ovaladas,Perro
4.0,5020.0,17.0,Ovaladas,Perro
6.0,10222.0,28.0,Ovaladas,Perro
5.0,8350.0,24.0,Puntiagudas,Perro
6.0,9348.0,26.0,Ovaladas,Perro
6.0,10390.0,26.0,Ovaladas,Perro
7.0,12200.0,26.0,Ovaladas,Perro
6.0,12100.0,32.0,Ovaladas,Perro
5.0,6854.0,22.0,Ovaladas,Perro
6.0,10714.0,26.0,Ovaladas,Perro
4.0,6492.0,24.0,Puntiagudas,Perro
6.0,12088.0,28.0,Ovaladas,Perro
6.0,9540.0,26.0,Ovaladas,Perro
4.0,5975.0,24.0,Ovaladas,Perro
7.0,12109.0,31.0,Ovaladas,Perro
4.0,5267.0,29.0,Puntiagudas,Perro
7.0,12864.0,27.0,Ovaladas,Perro
5.0,10467.0,26.0,Puntiagudas,Perro
5.0,6380.0,23.0,Ovaladas,Perro
6.0,9992.0,25.0,Ovaladas,Perro
4.0,6231.0,23.0,Puntiagudas,Perro
6.0,10835.0,27.0,Ovaladas,Perro
9.0,21250.0,30.0,Ovaladas,Perro
5.0,6407.0,26.0,Puntiagudas,Perro
8.0,15855.0,36.0,Puntiagudas,Perro
8.0,5283.0,33.0,Puntiagudas,Perro
5.0,5886.0,27.0,Ovaladas,Perro
7.0,14570.0,32.0,Ovaladas,Perro
4.0,7900.0,22.0,Ovaladas,Perro
6.0,5638.0,22.0,Ovaladas,Perro
3.0,5800.0,31.0,Ovaladas,Perro
4.0,6623.0,20.0,Ovaladas,Perro
6.0,13140.0,28.0,Ovaladas,Perro
3.0,6443.0,29.0,Puntiagudas,Perro
5.0,8854.0,25.0,Puntiagudas,Perro
6.0,9454.0,26.0,Ovaladas,Perro
6.0,9558.0,25.0,Ovaladas,Perro
4.0,6316.0,22.0,Ovaladas,Perro
5.0,9816.0,27.0,Ovaladas,Perro
5.0,6733.0,25.0,Ovaladas,Perro
5.0,10432.0,25.0,Ovaladas,Perro
6.0,9681.0,25.0,Ovaladas,Perro
6.0,7142.0,24.0,Puntiagudas,Perro
6.0,9652.0,28.0,Puntiagudas,Perro
5.0,6956.0,21.0,Ovaladas,Perro
6.0,9477.0,28.0,Ovaladas,Perro
5.0,6590.0,22.0,Ovaladas,Perro
6.0,11475.0,29.0,Ovaladas,Perro
5.0,10455.0,27.0,Ovaladas,Perro
3.0,4443.0,23.0,Puntiagudas,Perro
6.0,10525.0,23.0,Ovaladas,Perro
6.0,11367.0,26.0,Ovaladas,Perro
4.0,6671.0,28.0,Ovaladas,Perro
9.0,4367.0,25.0,Puntiagudas,Perro
5.0,9192.0,26.0,Ovaladas,Perro
7.0,8650.0,24.0,Ovaladas,Perro
6.0,8756.0,26.0,Ovaladas,Perro
4.0,5650.0,26.0,Ovaladas,Perro
6.0,10747.0,28.0,Puntiagudas,Perro
6.0,10782.0,29.0,Puntiagudas,Perro
6.0,11112.0,28.0,Ovaladas,Perro
6.0,9038.0,27.0,Ovaladas,Perro
5.0,6465.0,21.0,Ovaladas,Perro
6.0,9707.0,25.0,Ovaladas,Perro
5.0,6942.0,22.0,Ovaladas,Perro
5.0,9000.0,21.0,Ovaladas,Perro
5.0,6580.0,23.0,Ovaladas,Perro
5.0,8029.0,24.0,Ovaladas,Perro
5.0,10936.0,27.0,Ovaladas,Perro
6.0,10024.0,25.0,Ovaladas,Perro
6.0,9656.0,29.0,Ovaladas,Perro
5.0,7400.0,23.0,Ovaladas,Perro
8.0,13242.0,30.0,Ovaladas,Perro
6.0,9183.0,24.0,Puntiagudas,Perro
3.0,6475.0,22.0,Ovaladas,Perro
6.0,9869.0,27.0,Ovaladas,Perro
6.0,10800.0,28.0,Ovaladas,Perro
4.0,4022.0,22.0,Ovaladas,Perro
3.0,6477.0,22.0,Puntiagudas,Perro
4.0,9840.0,22.0,Puntiagudas,Perro
4.0,6310.0,26.0,Ovaladas,Perro
9.0,15488.0,28.0,Ovaladas,Perro
6.0,9968.0,26.0,Puntiagudas,Perro
5.0,5100.0,21.0,Ovaladas,Perro
6.0,8638.0,24.0,Ovaladas,Perro
6.0,9515.0,27.0,Ovaladas,Perro
4.0,7640.0,22.0,Ovaladas,Perro
5.0,7416.0,24.0,Puntiagudas,Perro
6.0,9430.0,26.0,Ovaladas,Perro
6.0,4978.0,19.0,Ovaladas,Perro
5.0,7209.0,25.0,Ovaladas,Perro
6.0,5750.0,23.0,Ovaladas,Perro
6.0,9869.0,26.0,Ovaladas,Perro
6.0,10152.0,26.0,Ovaladas,Perro
4.0,6433.0,18.0,Ovaladas,Perro
4.0,7536.0,20.0,Ovaladas,Perro
7.0,4980.0,29.0,Ovaladas,Perro
5.0,6475.0,27.0,Puntiagudas,Perro
6.0,4450.0,19.0,Ovaladas,Perro
6.0,12257.0,26.0,Ovaladas,Perro
6.0,10367.0,27.0,Ovaladas,Perro
6.0,11224.0,28.0,Ovaladas,Perro
4.0,6362.0,24.0,Puntiagudas,Perro
3.0,7800.0,28.0,Ovaladas,Perro
6.0,11969.0,28.0,Ovaladas,Perro
5.0,9774.0,25.0,Ovaladas,Perro
5.0,7214.0,23.0,Ovaladas,Perro
4.0,7433.0,21.0,Ovaladas,Perro
6.0,9556.0,26.0,Ovaladas,Perro
5.0,10678.0,27.0,Ovaladas,Perro
6.0,12369.0,27.0,Ovaladas,Perro
5.0,9512.0,22.0,Ovaladas,Perro
5.0,9954.0,26.0,Ovaladas,Perro
6.0,9756.0,27.0,Ovaladas,Perro
4.0,6833.0,22.0,Ovaladas,Perro
6.0,9562.0,27.0,Ovaladas,Perro
3.0,5500.0,19.0,Ovaladas,Perro
4.0,4957.0,21.0,Ovaladas,Perro
6.0,12587.0,26.0,Ovaladas,Perro
4.0,8329.0,15.0,Ovaladas,Perro
6.0,11594.0,29.0,Ovaladas,Perro
6.0,12900.0,29.0,Puntiagudas,Perro
4.0,5382.0,24.0,Ovaladas,Perro
6.0,10000.0,22.0,Ovaladas,Perro
4.0,5720.0,24.0,Ovaladas,Perro
7.0,10931.0,28.0,Puntiagudas,Perro
6.0,4120.0,22.0,Ovaladas,Perro
6.0,6014.0,24.0,Ovaladas,Perro
5.0,9376.0,27.0,Ovaladas,Perro
3.0,6933.0,23.0,Puntiagudas,Perro
5.0,7469.0,23.0,Ovaladas,Perro
5.0,11213.0,26.0,Puntiagudas,Perro
6.0,9824.0,26.0,Puntiagudas,Perro
9.0,17914.0,36.0,Puntiagudas,Perro
6.0,14200.0,30.0,Puntiagudas,Perro
6.0,10905.0,25.0,Ovaladas,Perro
3.0,5907.0,23.0,Puntiagudas,Perro
6.0,12758.0,26.0,Ovaladas,Perro
4.0,5644.0,22.0,Ovaladas,Perro
3.0,4875.0,23.0,Ovaladas,Perro
5.0,6096.0,23.0,Ovaladas,Perro
6.0,8886.0,23.0,Puntiagudas,Perro
7.0,12425.0,32.0,Ovaladas,Perro
4.0,6090.0,24.0,Ovaladas,Perro
7.0,12513.0,30.0,Ovaladas,Perro
5.0,9829.0,26.0,Ovaladas,Perro
6.0,9433.0,25.0,Ovaladas,Perro
9.0,17600.0,31.0,Ovaladas,Perro
6.0,9785.0,27.0,Ovaladas,Perro
6.0,10481.0,29.0,Ovaladas,Perro
4.0,3600.0,19.0,Ovaladas,Perro
4.0,7820.0,25.0,Puntiagudas,Perro
5.0,6782.0,21.0,Ovaladas,Perro
6.0,9407.0,26.0,Ovaladas,Perro
4.0,4000.0,24.0,Ovaladas,Perro
6.0,9188.0,26.0,Ovaladas,Perro
5.0,11606.0,26.0,Ovaladas,Perro
6.0,11133.0,30.0,Puntiagudas,Perro
3.0,6675.0,22.0,Ovaladas,Perro
12.0,29875.0,43.0,Puntiagudas,Perro
6.0,10291.0,25.0,Ovaladas,Perro
7.0,10712.0,28.0,Ovaladas,Perro
6.0,10400.0,26.0,Ovaladas,Perro
6.0,12189.0,29.0,Ovaladas,Perro
6.0,9758.0,26.0,Ovaladas,Perro
5.0,7033.0,23.0,Ovaladas,Perro
6.0,9976.0,26.0,Ovaladas,Perro
6.0,8852.0,27.0,Ovaladas,Perro
7.0,14588.0,38.0,Puntiagudas,Perro
5.0,4769.0,26.0,Ovaladas,Perro
6.0,10600.0,27.0,Ovaladas,Perro
6.0,16300.0,27.0,Ovaladas,Perro
7.0,6267.0,27.0,Puntiagudas,Perro
6.0,9438.0,26.0,Ovaladas,Perro
5.0,5914.0,18.0,Ovaladas,Perro
6.0,10060.0,27.0,Ovaladas,Perro
4.0,5744.0,22.0,Puntiagudas,Perro
6.0,9933.0,27.0,Ovaladas,Perro
6.0,9777.0,27.0,Ovaladas,Perro
6.0,9264.0,25.0,Ovaladas,Perro
4.0,5321.0,21.0,Ovaladas,Perro
4.0,6967.0,24.0,Puntiagudas,Perro
6.0,9616.0,27.0,Ovaladas,Perro
7.0,16020.0,33.0,Ovaladas,Perro
4.0,8586.0,26.0,Puntiagudas,Perro
5.0,7600.0,23.0,Ovaladas,Perro
6.0,10758.0,25.0,Ovaladas,Perro
6.0,10586.0,27.0,Ovaladas,Perro
5.0,10085.0,26.0,Ovaladas,Perro
4.0,4883.0,17.0,Ovaladas,Perro
6.0,9600.0,27.0,Ovaladas,Perro
6.0,9615.0,28.0,Puntiagudas,Perro
6.0,9080.0,27.0,Ovaladas,Perro
5.0,6750.0,22.0,Ovaladas,Perro
5.0,6904.0,24.0,Ovaladas,Perro
10.0,27800.0,37.0,Puntiagudas,Perro
7.0,10494.0,29.0,Ovaladas,Perro
5.0,5756.0,23.0,Ovaladas,Perro
6.0,10481.0,26.0,Ovaladas,Perro
10.0,25500.0,38.0,Puntiagudas,Perro
4.0,5217.0,20.0,Ovaladas,Perro
4.0,8047.0,23.0,Ovaladas,Perro
6.0,12073.0,32.0,Puntiagudas,Perro
5.0,8822.0,24.0,Ovaladas,Perro
6.0,10856.0,26.0,Ovaladas,Perro
6.0,8736.0,25.0,Ovaladas,Perro
6.0,10450.0,26.0,Ovaladas,Perro
6.0,9735.0,26.0,Ovaladas,Perro
6.0,10100.0,26.0,Ovaladas,Perro
3.0,5067.0,17.0,Ovaladas,Perro
6.0,12880.0,25.0,Ovaladas,Perro
6.0,10209.0,27.0,Ovaladas,Perro
8.0,14125.0,29.0,Ovaladas,Perro
6.0,10231.0,31.0,Puntiagudas,Perro
6.0,10533.0,26.0,Ovaladas,Perro
5.0,9158.0,26.0,Ovaladas,Perro
7.0,13360.0,26.0,Ovaladas,Perro
4.0,6060.0,22.0,Ovaladas,Perro
4.0,6767.0,24.0,Ovaladas,Perro
6.0,10916.0,29.0,Puntiagudas,Perro
6.0,9400.0,26.0,Ovaladas,Perro
6.0,9115.0,26.0,Ovaladas,Perro
6.0,12943.0,31.0,Puntiagudas,Perro
4.0,5274.0,22.0,Puntiagudas,Perro
5.0,5525.0,25.0,Ovaladas,Perro
6.0,11662.0,28.0,Ovaladas,Perro
10.0,24375.0,46.0,Puntiagudas,Perro
6.0,11588.0,28.0,Ovaladas,Perro
6.0,10990.0,28.0,Ovaladas,Perro
5.0,4600.0,24.0,Puntiagudas,Perro
6.0,9300.0,26.0,Ovaladas,Perro
4.0,5350.0,20.0,Ovaladas,Perro
6.0,9810.0,27.0,Ovaladas,Perro
4.0,6479.0,24.0,Ovaladas,Perro
5.0,5144.0,21.0,Ovaladas,Perro
7.0,11528.0,27.0,Ovaladas,Perro
6.0,10322.0,26.0,Ovaladas,Perro
5.0,5682.0,25.0,Ovaladas,Perro
4.0,7513.0,23.0,Ovaladas,Perro
5.0,6125.0,22.0,Ovaladas,Perro
5.0,9478.0,26.0,Ovaladas,Perro
6.0,13044.0,28.0,Ovaladas,Perro
5.0,7500.0,26.0,Ovaladas,Perro
6.0,9238.0,27.0,Ovaladas,Perro
4.0,7694.0,22.0,Ovaladas,Perro
7.0,17357.0,35.0,Ovaladas,Perro
6.0,10008.0,24.0,Ovaladas,Perro
4.0,4330.0,27.0,Puntiagudas,Perro
6.0,10023.0,26.0,Ovaladas,Perro
6.0,10354.0,27.0,Ovaladas,Perro
7.0,11169.0,30.0,Ovaladas,Perro
4.0,5560.0,20.0,Ovaladas,Perro
4.0,7460.0,27.0,Ovaladas,Perro
6.0,9284.0,28.0,Ovaladas,Perro
8.0,17714.0,39.0,Puntiagudas,Perro
6.0,5750.0,22.0,Ovaladas,Perro
7.0,10975.0,30.0,Ovaladas,Perro
5.0,10125.0,26.0,Ovaladas,Perro
5.0,6082.0,25.0,Ovaladas,Perro
5.0,6425.0,19.0,Ovaladas,Perro
6.0,10017.0,26.0,Ovaladas,Perro
5.0,9741.0,26.0,Ovaladas,Perro
6.0,9792.0,26.0,Ovaladas,Perro
6.0,7240.0,22.0,Ovaladas,Perro
6.0,10957.0,29.0,Puntiagudas,Perro
5.0,9000.0,25.0,Ovaladas,Perro
6.0,9589.0,26.0,Ovaladas,Perro
6.0,6138.0,24.0,Ovaladas,Perro
5.0,7525.0,26.0,Ovaladas,Perro
6.0,11344.0,26.0,Ovaladas,Perro
4.0,5207.0,24.0,Puntiagudas,Perro
6.0,6960.0,22.0,Ovaladas,Perro
11.0,23350.0,37.0,Ovaladas,Perro
4.0,7000.0,25.0,Ovaladas,Perro
6.0,10920.0,27.0,Ovaladas,Perro
3.0,6975.0,18.0,Ovaladas,Perro
6.0,11318.0,27.0,Puntiagudas,Perro
5.0,10943.0,29.0,Ovaladas,Perro
5.0,5584.0,24.0,Puntiagudas,Perro
5.0,10805.0,26.0,Puntiagudas,Perro
5.0,6661.0,25.0,Ovaladas,Perro
6.0,6667.0,21.0,Puntiagudas,Perro
4.0,7782.0,22.0,Puntiagudas,Perro
5.0,11140.0,26.0,Ovaladas,Perro
8.0,15680.0,29.0,Ovaladas,Perro
6.0,9389.0,26.0,Ovaladas,Perro
5.0,6000.0,25.0,Ovaladas,Perro
3.0,5975.0,25.0,Puntiagudas,Perro
5.0,9622.0,26.0,Ovaladas,Perro
5.0,10280.0,26.0,Ovaladas,Perro
6.0,12156.0,26.0,Ovaladas,Perro
5.0,9892.0,26.0,Ovaladas,Perro
2.0,5300.0,24.0,Ovaladas,Perro
6.0,9452.0,25.0,Ovaladas,Perro
6.0,10286.0,26.0,Ovaladas,Perro
6.0,10583.0,25.0,Ovaladas,Perro
6.0,7717.0,23.0,Ovaladas,Perro
5.0,9729.0,29.0,Ovaladas,Perro
4.0,4600.0,19.0,Ovaladas,Perro
3.0,9483.0,22.0,Ovaladas,Perro
6.0,9720.0,27.0,Ovaladas,Perro
5.0,5662.0,23.0,Ovaladas,Perro
5.0,10965.0,25.0,Ovaladas,Perro
7.0,16370.0,30.0,Ovaladas,Perro
6.0,10505.0,27.0,Ovaladas,Perro
7.0,13483.0,31.0,Ovaladas,Perro
5.0,6006.0,23.0,Ovaladas,Perro
5.0,10700.0,29.0,Puntiagudas,Perro
6.0,10422.0,28.0,Ovaladas,Perro
3.0,7850.0,28.0,Ovaladas,Perro
5.0,7017.0,23.0,Puntiagudas,Perro
5.0,6516.0,23.0,Ovaladas,Perro
4.0,5400.0,15.0,Ovaladas,Perro
5.0,10157.0,26.0,Ovaladas,Perro
5.0,6750.0,24.0,Ovaladas,Perro
6.0,10589.0,27.0,Ovaladas,Perro
6.0,9946.0,26.0,Ovaladas,Perro
5.0,7512.0,23.0,Ovaladas,Perro
4.0,5067.0,9.0,Ovaladas,Perro
6.0,9685.0,26.0,Ovaladas,Perro
6.0,9305.0,28.0,Puntiagudas,Perro
7.0,11918.0,29.0,Ovaladas,Perro
6.0,11106.0,27.0,Puntiagudas,Perro
5.0,10340.0,25.0,Ovaladas,Perro
6.0,10205.0,28.0,Ovaladas,Perro
5.0,10241.0,25.0,Ovaladas,Perro
7.0,10400.0,26.0,Ovaladas,Perro
8.0,16511.0,34.0,Ovaladas,Perro
5.0,6718.0,25.0,Ovaladas,Perro
7.0,11340.0,30.0,Puntiagudas,Perro
6.0,10511.0,29.0,Puntiagudas,Perro
7.0,11613.0,28.0,Ovaladas,Perro
6.0,6779.0,24.0,Ovaladas,Perro
4.0,3600.0,22.0,Puntiagudas,Perro
9.0,20667.0,41.0,Puntiagudas,Perro
4.0,7167.0,24.0,Ovaladas,Perro
7.0,10675.0,27.0,Ovaladas,Perro
5.0,9689.0,25.0,Ovaladas,Perro
5.0,7543.0,23.0,Ovaladas,Perro
7.0,10120.0,25.0,Ovaladas,Perro
6.0,11269.0,26.0,Ovaladas,Perro
7.0,10633.0,27.0,Ovaladas,Perro
6.0,10360.0,28.0,Ovaladas,Perro
5.0,9704.0,26.0,Ovaladas,Perro
7.0,14589.0,35.0,Puntiagudas,Perro
4.0,8715.0,25.0,Ovaladas,Perro
5.0,6611.0,22.0,Ovaladas,Perro
5.0,6665.0,23.0,Ovaladas,Perro
6.0,11469.0,26.0,Ovaladas,Perro
4.0,5487.0,23.0,Puntiagudas,Perro
4.0,5425.0,20.0,Ovaladas,Perro
5.0,4971.0,21.0,Ovaladas,Perro
4.0,9656.0,23.0,Ovaladas,Perro
7.0,10547.0,28.0,Ovaladas,Perro
4.0,5033.0,22.0,Puntiagudas,Perro
7.0,9620.0,29.0,Ovaladas,Perro
6.0,9517.0,26.0,Ovaladas,Perro
5.0,6268.0,22.0,Ovaladas,Perro
5.0,7121.0,25.0,Ovaladas,Perro
5.0,7269.0,23.0,Ovaladas,Perro
6.0,10978.0,27.0,Ovaladas,Perro
6.0,10487.0,27.0,Ovaladas,Perro
5.0,5120.0,22.0,Puntiagudas,Perro
5.0,6850.0,22.0,Ovaladas,Perro
4.0,6100.0,19.0,Ovaladas,Perro
8.0,14311.0,31.0,Puntiagudas,Perro
7.0,12493.0,28.0,Ovaladas,Perro
6.0,10304.0,26.0,Ovaladas,Perro
6.0,10840.0,29.0,Ovaladas,Perro
5.0,5785.0,22.0,Ovaladas,Perro
4.0,6415.0,23.0,Ovaladas,Perro
6.0,13575.0,27.0,Ovaladas,Perro
6.0,10220.0,25.0,Ovaladas,Perro
4.0,5700.0,20.0,Ovaladas,Perro
7.0,12953.0,29.0,Ovaladas,Perro
7.0,11800.0,28.0,Ovaladas,Perro
5.0,9816.0,26.0,Ovaladas,Perro
6.0,9919.0,25.0,Ovaladas,Perro
3.0,5980.0,22.0,Ovaladas,Perro
4.0,6238.0,23.0,Ovaladas,Perro
3.0,5360.0,25.0,Puntiagudas,Perro
4.0,7733.0,22.0,Puntiagudas,Perro
6.0,9235.0,26.0,Ovaladas,Perro
6.0,9438.0,25.0,Ovaladas,Perro
6.0,10584.0,30.0,Puntiagudas,Perro
6.0,10013.0,27.0,Ovaladas,Perro
6.0,9124.0,25.0,Ovaladas,Perro
6.0,10910.0,26.0,Ovaladas,Perro
6.0,14150.0,27.0,Ovaladas,Perro
5.0,7850.0,26.0,Puntiagudas,Perro
4.0,8286.0,25.0,Puntiagudas,Perro
6.0,11059.0,28.0,Puntiagudas,Perro
6.0,11793.0,29.0,Ovaladas,Perro
7.0,12817.0,26.0,Ovaladas,Perro
5.0,5916.0,24.0,Ovaladas,Perro
5.0,9515.0,26.0,Ovaladas,Perro
5.0,6795.0,24.0,Puntiagudas,Perro
5.0,9168.0,26.0,Puntiagudas,Perro
6.0,10130.0,25.0,Ovaladas,Perro
6.0,10690.0,27.0,Ovaladas,Perro
7.0,13830.0,32.0,Puntiagudas,Perro
6.0,15875.0,34.0,Ovaladas,Perro
6.0,9933.0,28.0,Puntiagudas,Perro
4.0,6471.0,28.0,Ovaladas,Perro
9.0,17329.0,34.0,Puntiagudas,Perro
7.0,11819.0,29.0,Ovaladas,Perro
6.0,9285.0,26.0,Ovaladas,Perro
6.0,15871.0,33.0,Ovaladas,Perro
5.0,9552.0,26.0,Ovaladas,Perro
6.0,3300.0,19.0,Puntiagudas,Perro
7.0,12656.0,27.0,Ovaladas,Perro
4.0,5591.0,23.0,Ovaladas,Perro
9.0,15538.0,30.0,Ovaladas,Perro
6.0,11060.0,26.0,Ovaladas,Perro
6.0,8988.0,27.0,Ovaladas,Perro
5.0,6991.0,24.0,Ovaladas,Perro
6.0,11924.0,26.0,Puntiagudas,Perro
6.0,9544.0,27.0,Ovaladas,Perro
4.0,4644.0,21.0,Ovaladas,Perro
5.0,11172.0,26.0,Ovaladas,Perro
6.0,6800.0,24.0,Ovaladas,Perro
8.0,14000.0,36.0,Ovaladas,Perro
3.0,5940.0,18.0,Ovaladas,Perro
5.0,10100.0,26.0,Ovaladas,Perro
6.0,9800.0,27.0,Ovaladas,Perro
6.0,9919.0,26.0,Ovaladas,Perro
4.0,7362.0,21.0,Ovaladas,Perro
6.0,9459.0,25.0,Ovaladas,Perro
4.0,6407.0,23.0,Ovaladas,Perro
6.0,9571.0,26.0,Ovaladas,Perro
5.0,9462.0,25.0,Ovaladas,Perro
6.0,11793.0,27.0,Ovaladas,Perro
4.0,6042.0,21.0,Ovaladas,Perro
6.0,9662.0,25.0,Ovaladas,Perro
6.0,5631.0,24.0,Ovaladas,Perro
7.0,14123.0,30.0,Ovaladas,Perro
7.0,11360.0,24.0,Ovaladas,Perro
4.0,6127.0,24.0,Ovaladas,Perro
5.0,6769.0,25.0,Ovaladas,Perro
6.0,8561.0,26.0,Ovaladas,Perro
5.0,10960.0,25.0,Ovaladas,Perro
5.0,7570.0,23.0,Ovaladas,Perro
6.0,10262.0,28.0,Ovaladas,Perro
5.0,6944.0,23.0,Puntiagudas,Perro
6.0,5243.0,24.0,Puntiagudas,Perro
6.0,11512.0,25.0,Ovaladas,Perro
5.0,10984.0,29.0,Puntiagudas,Perro
6.0,13438.0,30.0,Ovaladas,Perro
5.0,6078.0,24.0,Ovaladas,Perro
5.0,7233.0,30.0,Ovaladas,Perro
4.0,6846.0,22.0,Ovaladas,Perro
5.0,9528.0,27.0,Ovaladas,Perro
6.0,11114.0,27.0,Puntiagudas,Perro
7.0,17700.0,38.0,Ovaladas,Perro
6.0,4960.0,22.0,Ovaladas,Perro
6.0,6229.0,23.0,Ovaladas,Perro
6.0,12729.0,31.0,Puntiagudas,Perro
5.0,5680.0,22.0,Ovaladas,Perro
5.0,8094.0,24.0,Ovaladas,Perro
6.0,10428.0,29.0,Ovaladas,Perro
5.0,6436.0,23.0,Ovaladas,Perro
6.0,10800.0,27.0,Ovaladas,Perro
5.0,6656.0,24.0,Ovaladas,Perro
4.0,5050.0,22.0,Ovaladas,Perro
6.0,10478.0,28.0,Ovaladas,Perro
5.0,6300.0,23.0,Puntiagudas,Perro
4.0,5886.0,25.0,Ovaladas,Perro
5.0,6821.0,22.0,Ovaladas,Perro
4.0,5520.0,24.0,Ovaladas,Perro
6.0,10038.0,27.0,Ovaladas,Perro
4.0,7340.0,31.0,Ovaladas,Perro
5.0,5947.0,22.0,Ovaladas,Perro
6.0,10068.0,26.0,Ovaladas,Perro
6.0,13300.0,29.0,Ovaladas,Perro
6.0,9700.0,25.0,Ovaladas,Perro
6.0,10311.0,27.0,Puntiagudas,Perro
4.0,4640.0,15.0,Ovaladas,Perro
7.0,11022.0,29.0,Ovaladas,Perro
12.0,22420.0,39.0,Puntiagudas,Perro
3.0,5956.0,25.0,Ovaladas,Perro
7.0,11342.0,28.0,Ovaladas,Perro
4.0,7757.0,23.0,Ovaladas,Perro
6.0,6173.0,27.0,Ovaladas,Perro
4.0,6967.0,27.0,Ovaladas,Perro
6.0,9612.0,27.0,Ovaladas,Perro
3.0,7517.0,27.0,Ovaladas,Perro
7.0,10593.0,29.0,Ovaladas,Perro
7.0,15829.0,35.0,Ovaladas,Perro
6.0,9788.0,27.0,Ovaladas,Perro
5.0,9421.0,26.0,Ovaladas,Perro
4.0,5933.0,24.0,Ovaladas,Perro
5.0,8959.0,26.0,Ovaladas,Perro
3.0,7989.0,23.0,Ovaladas,Perro
6.0,10074.0,28.0,Ovaladas,Perro
6.0,12625.0,20.0,Ovaladas,Perro
5.0,5807.0,21.0,Ovaladas,Perro
6.0,12029.0,28.0,Ovaladas,Perro
5.0,8756.0,26.0,Ovaladas,Perro
5.0,7900.0,20.0,Ovaladas,Perro
4.0,5736.0,22.0,Ovaladas,Perro
7.0,10633.0,26.0,Ovaladas,Perro
6.0,11632.0,32.0,Ovaladas,Perro
9.0,19833.0,37.0,Ovaladas,Perro
6.0,10777.0,26.0,Ovaladas,Perro
4.0,7621.0,21.0,Ovaladas,Perro
6.0,10400.0,26.0,Ovaladas,Perro
4.0,5467.0,23.0,Ovaladas,Perro
5.0,6830.0,23.0,Ovaladas,Perro
4.0,5008.0,19.0,Ovaladas,Perro
4.0,5500.0,23.0,Puntiagudas,Perro
5.0,6533.0,23.0,Ovaladas,Perro
6.0,11362.0,28.0,Ovaladas,Perro
6.0,10012.0,25.0,Ovaladas,Perro
4.0,6888.0,25.0,Ovaladas,Perro
7.0,16260.0,33.0,Ovaladas,Perro
5.0,10240.0,19.0,Ovaladas,Perro
5.0,9432.0,27.0,Ovaladas,Perro
5.0,6612.0,23.0,Ovaladas,Perro
8.0,6100.0,29.0,Ovaladas,Perro
6.0,8140.0,29.0,Ovaladas,Perro
6.0,10219.0,26.0,Puntiagudas,Perro
5.0,5938.0,23.0,Ovaladas,Perro
4.0,6569.0,23.0,Ovaladas,Perro
4.0,6867.0,25.0,Ovaladas,Perro
7.0,13736.0,28.0,Puntiagudas,Perro
4.0,10650.0,26.0,Ovaladas,Perro
5.0,6796.0,23.0,Ovaladas,Perro
6.0,9490.0,26.0,Ovaladas,Perro
5.0,8457.0,26.0,Puntiagudas,Perro
6.0,8382.0,26.0,Puntiagudas,Perro
5.0,7883.0,23.0,Ovaladas,Perro
6.0,9477.0,26.0,Ovaladas,Perro
6.0,10150.0,27.0,Puntiagudas,Perro
7.0,13113.0,31.0,Puntiagudas,Perro
5.0,4690.0,18.0,Ovaladas,Perro
7.0,10906.0,28.0,Ovaladas,Perro
6.0,5000.0,30.0,Ovaladas,Perro
6.0,9804.0,25.0,Ovaladas,Perro
6.0,11838.0,31.0,Puntiagudas,Perro
5.0,7047.0,22.0,Ovaladas,Perro
6.0,10319.0,27.0,Ovaladas,Perro
5.0,6005.0,25.0,Ovaladas,Perro
6.0,10414.0,28.0,Ovaladas,Perro
5.0,5962.0,21.0,Ovaladas,Perro
5.0,6910.0,24.0,Ovaladas,Perro
6.0,10030.0,26.0,Ovaladas,Perro
6.0,11335.0,29.0,Ovaladas,Perro
8.0,15455.0,29.0,Ovaladas,Perro
4.0,4725.0,18.0,Ovaladas,Perro
7.0,10558.0,28.0,Ovaladas,Perro
5.0,5325.0,25.0,Ovaladas,Perro
6.0,3633.0,21.0,Ovaladas,Perro
5.0,7000.0,19.0,Ovaladas,Perro
5.0,10124.0,26.0,Ovaladas,Perro
6.0,10187.0,25.0,Ovaladas,Perro
3.0,6875.0,28.0,Puntiagudas,Perro
5.0,9423.0,28.0,Puntiagudas,Perro
6.0,9264.0,26.0,Ovaladas,Perro
6.0,10092.0,27.0,Ovaladas,Perro
6.75,3052.5,14.3625,Puntiagudas,Gato
7.2,3292.0,14.99,Puntiagudas,Gato
7.285714285714286,3114.285714285714,15.414285714285715,Puntiagudas,Gato
5.5,3125.0,14.5,Puntiagudas,Gato
6.166666666666667,3135.0,14.666666666666666,Puntiagudas,Gato
8.0,4100.0,20.5,Puntiagudas,Gato
7.0,3191.6666666666665,14.658333333333333,Puntiagudas,Gato
6.1,3062.0,14.6,Puntiagudas,Gato
6.444444444444445,3457.777777777778,16.22222222222222,Puntiagudas,Gato
6.0,3583.3333333333335,17.666666666666668,Puntiagudas,Gato
7.071428571428571,3244.285714285714,13.707142857142857,Puntiagudas,Gato
7.363636363636363,3456.3636363636365,14.627272727272727,Puntiagudas,Gato
8.5,2375.0,14.5,Puntiagudas,Gato
7.153846153846154,3186.153846153846,13.761538461538462,Puntiagudas,Gato
7.333333333333333,3450.0,13.983333333333334,Puntiagudas,Gato
5.666666666666667,2706.6666666666665,12.333333333333334,Puntiagudas,Gato
6.857142857142857,2571.4285714285716,11.142857142857142,Puntiagudas,Gato
6.9,2840.0,15.3,Puntiagudas,Gato
7.0,2925.0,14.375,Puntiagudas,Gato
7.7,2970.0,12.59,Puntiagudas,Gato
7.538461538461538,3101.5384615384614,14.53076923076923,Puntiagudas,Gato
5.5,4030.0,15.0,Puntiagudas,Gato
7.0,2960.0,12.408333333333333,Puntiagudas,Gato
6.583333333333333,3093.3333333333335,14.833333333333334,Puntiagudas,Gato
6.714285714285714,2400.0,12.414285714285715,Puntiagudas,Gato
6.75,3905.0,17.5,Puntiagudas,Gato
8.0,3060.0,14.38,Puntiagudas,Gato
8.0,3150.0,14.5,Puntiagudas,Gato
7.4,2604.0,12.8,Puntiagudas,Gato
7.25,1750.0,14.5,Puntiagudas,Gato
7.166666666666667,3076.6666666666665,15.325000000000001,Puntiagudas,Gato
6.333333333333333,3611.1111111111113,15.777777777777779,Puntiagudas,Gato
6.75,3065.0,12.4875,Puntiagudas,Gato
7.636363636363637,3538.181818181818,14.263636363636364,Puntiagudas,Gato
6.625,2812.5,16.375,Puntiagudas,Gato
7.153846153846154,3178.4615384615386,13.915384615384616,Puntiagudas,Gato
8.0,3460.0,14.180000000000001,Puntiagudas,Gato
6.615384615384615,3232.3076923076924,14.53076923076923,Puntiagudas,Gato
7.0,2960.0,12.408333333333333,Puntiagudas,Gato
6.923076923076923,3155.3846153846152,14.615384615384615,Puntiagudas,Gato
7.181818181818182,2947.2727272727275,13.990909090909092,Puntiagudas,Gato
6.6,3202.0,14.6,Puntiagudas,Gato
6.333333333333333,3385.0,15.916666666666666,Puntiagudas,Gato
6.444444444444445,3124.4444444444443,14.222222222222221,Puntiagudas,Gato
7.2727272727272725,3220.0,15.354545454545455,Puntiagudas,Gato
5.714285714285714,3302.8571428571427,15.142857142857142,Puntiagudas,Gato
6.7272727272727275,3101.818181818182,13.727272727272727,Puntiagudas,Gato
7.230769230769231,3292.3076923076924,14.53076923076923,Puntiagudas,Gato
6.0,3233.3333333333335,13.166666666666666,Puntiagudas,Gato
6.375,3577.5,15.25,Puntiagudas,Gato
7.3076923076923075,3292.3076923076924,14.3,Puntiagudas,Gato
6.2,3600.0,15.8,Puntiagudas,Gato
7.454545454545454,3174.5454545454545,14.718181818181819,Puntiagudas,Gato
6.846153846153846,3493.846153846154,14.761538461538462,Puntiagudas,Gato
7.0,2993.846153846154,14.915384615384616,Puntiagudas,Gato
6.769230769230769,2993.846153846154,13.915384615384616,Puntiagudas,Gato
6.0,3000.0,14.333333333333334,Puntiagudas,Gato
5.714285714285714,2928.5714285714284,15.0,Puntiagudas,Gato
7.0,3412.5,15.1125,Puntiagudas,Gato
7.3076923076923075,3340.0,14.915384615384616,Puntiagudas,Gato
6.222222222222222,3277.777777777778,14.11111111111111,Puntiagudas,Gato
7.4,2300.0,11.8,Puntiagudas,Gato
7.3076923076923075,3023.076923076923,14.915384615384616,Puntiagudas,Gato
7.384615384615385,3186.153846153846,14.915384615384616,Puntiagudas,Gato
6.625,3502.5,14.0,Puntiagudas,Gato
6.333333333333333,3083.3333333333335,17.666666666666668,Puntiagudas,Gato
6.444444444444445,3333.3333333333335,15.11111111111111,Puntiagudas,Gato
6.0,2000.0,15.333333333333334,Puntiagudas,Gato
7.3,2990.0,14.09,Puntiagudas,Gato
7.142857142857143,3315.714285714286,14.564285714285715,Puntiagudas,Gato
7.166666666666667,3251.6666666666665,13.241666666666667,Puntiagudas,Gato
7.0,3527.2727272727275,15.445454545454545,Puntiagudas,Gato
7.5,3500.0,11.5,Puntiagudas,Gato
6.6,2840.0,14.0,Puntiagudas,Gato
6.857142857142857,2788.5714285714284,13.271428571428572,Puntiagudas,Gato
6.818181818181818,3056.3636363636365,15.454545454545455,Puntiagudas,Gato
7.3076923076923075,3186.153846153846,15.146153846153847,Puntiagudas,Gato
7.666666666666667,3400.0,15.816666666666668,Puntiagudas,Gato
4.666666666666667,1866.6666666666667,15.666666666666666,Puntiagudas,Gato
6.714285714285714,3351.4285714285716,14.778571428571428,Puntiagudas,Gato
6.857142857142857,2588.5714285714284,15.714285714285714,Puntiagudas,Gato
6.75,3015.0,16.375,Puntiagudas,Gato
6.333333333333333,2436.6666666666665,12.833333333333334,Puntiagudas,Gato
9.5,3950.0,16.225,Puntiagudas,Gato
7.222222222222222,3457.777777777778,15.0,Puntiagudas,Gato
8.0,3100.0,8.633333333333333,Puntiagudas,Gato
6.6,3020.0,15.4,Puntiagudas,Gato
5.2,2620.0,16.0,Puntiagudas,Gato
6.666666666666667,2600.0,16.333333333333332,Puntiagudas,Gato
5.75,3625.0,13.5,Puntiagudas,Gato
7.214285714285714,3280.0,14.707142857142857,Puntiagudas,Gato
7.6,2892.0,13.89,Puntiagudas,Gato
8.142857142857142,3957.1428571428573,15.12857142857143,Puntiagudas,Gato
7.461538461538462,3370.769230769231,14.146153846153847,Puntiagudas,Gato
7.5,3466.6666666666665,16.650000000000002,Puntiagudas,Gato
4.666666666666667,2533.3333333333335,13.333333333333334,Puntiagudas,Gato
7.357142857142857,3237.1428571428573,13.992857142857144,Puntiagudas,Gato
5.0,2805.0,13.75,Puntiagudas,Gato
7.333333333333333,3451.6666666666665,14.325000000000001,Puntiagudas,Gato
7.5,3216.6666666666665,14.65,Puntiagudas,Gato
7.222222222222222,2891.1111111111113,13.766666666666667,Puntiagudas,Gato
7.666666666666667,4283.333333333333,15.15,Puntiagudas,Gato
7.545454545454546,3310.909090909091,14.445454545454545,Puntiagudas,Gato
7.5,2375.0,14.0,Puntiagudas,Gato
6.25,2885.0,14.583333333333334,Puntiagudas,Gato
7.0,3202.5,14.75,Puntiagudas,Gato
9.0,4550.0,11.475,Puntiagudas,Gato
7.333333333333333,3201.6666666666665,14.241666666666667,Puntiagudas,Gato
8.125,3350.0,13.2375,Puntiagudas,Gato
8.25,2125.0,12.25,Puntiagudas,Gato
7.2,1700.0,14.0,Puntiagudas,Gato
7.181818181818182,3345.4545454545455,14.627272727272727,Puntiagudas,Gato
7.0,3002.0,13.99,Puntiagudas,Gato
6.875,2815.0,13.125,Puntiagudas,Gato
8.0,3540.0,13.780000000000001,Puntiagudas,Gato
7.5,3333.3333333333335,12.666666666666666,Puntiagudas,Gato
7.384615384615385,3293.846153846154,13.223076923076924,Puntiagudas,Gato
9.2,2560.0,10.379999999999999,Puntiagudas,Gato
7.0,3116.923076923077,13.376923076923077,Puntiagudas,Gato
7.0,3409.230769230769,14.376923076923077,Puntiagudas,Gato
7.333333333333333,2946.6666666666665,15.666666666666666,Puntiagudas,Gato
6.615384615384615,2970.769230769231,14.23076923076923,Puntiagudas,Gato
6.916666666666667,2751.6666666666665,12.741666666666667,Puntiagudas,Gato
6.714285714285714,2785.714285714286,17.285714285714285,Puntiagudas,Gato
6.857142857142857,3137.1428571428573,14.35,Puntiagudas,Gato
5.666666666666667,2373.3333333333335,13.333333333333334,Puntiagudas,Gato
5.666666666666667,2833.3333333333335,9.666666666666666,Puntiagudas,Gato
7.2,2224.0,13.6,Puntiagudas,Gato
7.384615384615385,3293.846153846154,13.223076923076924,Puntiagudas,Gato
7.142857142857143,3760.0,13.700000000000001,Puntiagudas,Gato
7.166666666666667,3733.3333333333335,14.65,Puntiagudas,Gato
10.25,2700.0,10.475,Puntiagudas,Gato
7.153846153846154,3378.4615384615386,13.838461538461539,Puntiagudas,Gato
8.0,3966.6666666666665,15.299999999999999,Puntiagudas,Gato
8.25,3630.0,16.75,Puntiagudas,Gato
7.3076923076923075,3186.153846153846,15.146153846153847,Puntiagudas,Gato
6.333333333333333,3277.777777777778,15.444444444444445,Puntiagudas,Gato
6.333333333333333,3400.0,15.88888888888889,Puntiagudas,Gato
8.0,3200.0,12.725,Puntiagudas,Gato
6.875,2940.0,13.9875,Puntiagudas,Gato
7.0,3065.714285714286,13.992857142857144,Puntiagudas,Gato
8.0,3100.0,8.633333333333333,Puntiagudas,Gato
6.454545454545454,3310.909090909091,14.263636363636364,Puntiagudas,Gato
7.0,2690.0,11.7375,Puntiagudas,Gato
6.25,2880.0,15.0,Puntiagudas,Gato
7.2,2890.0,14.59,Puntiagudas,Gato
6.714285714285714,2531.4285714285716,13.0,Puntiagudas,Gato
6.75,3326.6666666666665,14.741666666666667,Puntiagudas,Gato
5.777777777777778,3302.222222222222,16.444444444444443,Puntiagudas,Gato
7.5,3535.0,15.075000000000001,Puntiagudas,Gato
8.0,3302.5,12.1125,Puntiagudas,Gato
6.222222222222222,2857.777777777778,12.555555555555555,Puntiagudas,Gato
6.615384615384615,2970.769230769231,14.23076923076923,Puntiagudas,Gato
7.461538461538462,3207.6923076923076,13.915384615384616,Puntiagudas,Gato
7.75,2805.0,14.75,Puntiagudas,Gato
7.666666666666667,3083.3333333333335,13.0,Puntiagudas,Gato
7.0,3065.714285714286,13.992857142857144,Puntiagudas,Gato
7.8,2780.0,14.8,Puntiagudas,Gato
7.0,3001.818181818182,14.545454545454545,Puntiagudas,Gato
7.0,3181.818181818182,15.909090909090908,Puntiagudas,Gato
9.0,3160.0,10.379999999999999,Puntiagudas,Gato
8.0,3666.6666666666665,15.0,Puntiagudas,Gato
7.454545454545454,3310.909090909091,12.9,Puntiagudas,Gato
7.142857142857143,3164.285714285714,14.35,Puntiagudas,Gato
7.0,3263.076923076923,14.3,Puntiagudas,Gato
7.0,3603.3333333333335,15.5,Puntiagudas,Gato
6.857142857142857,2874.285714285714,15.857142857142858,Puntiagudas,Gato
7.0,2502.5,11.4875,Puntiagudas,Gato
7.142857142857143,2974.285714285714,13.985714285714286,Puntiagudas,Gato
6.636363636363637,3027.2727272727275,13.354545454545455,Puntiagudas,Gato
7.363636363636363,3620.0,14.718181818181819,Puntiagudas,Gato
7.666666666666667,3546.6666666666665,14.433333333333334,Puntiagudas,Gato
6.545454545454546,2992.7272727272725,14.536363636363637,Puntiagudas,Gato
4.8,2820.0,12.4,Puntiagudas,Gato
6.818181818181818,2981.818181818182,12.9,Puntiagudas,Gato
7.25,3108.3333333333335,13.825000000000001,Puntiagudas,Gato
7.7272727272727275,3063.6363636363635,13.263636363636364,Puntiagudas,Gato
6.333333333333333,3426.6666666666665,15.5,Puntiagudas,Gato
6.857142857142857,3137.1428571428573,14.35,Puntiagudas,Gato
5.857142857142857,3588.5714285714284,14.285714285714286,Puntiagudas,Gato
6.428571428571429,3374.285714285714,16.857142857142858,Puntiagudas,Gato
7.454545454545454,2981.818181818182,14.263636363636364,Puntiagudas,Gato
6.6,3480.0,13.38,Puntiagudas,Gato
6.846153846153846,3455.3846153846152,15.146153846153847,Puntiagudas,Gato
8.6,4160.0,14.38,Puntiagudas,Gato
7.7272727272727275,3163.6363636363635,15.354545454545455,Puntiagudas,Gato
8.2,2860.0,13.580000000000002,Puntiagudas,Gato
7.0,3713.3333333333335,13.988888888888889,Puntiagudas,Gato
6.090909090909091,3292.7272727272725,15.545454545454545,Puntiagudas,Gato
5.0,3025.0,17.5,Puntiagudas,Gato
6.571428571428571,3074.285714285714,16.414285714285715,Puntiagudas,Gato
7.5,2500.0,13.0,Puntiagudas,Gato
8.5,3450.0,14.975,Puntiagudas,Gato
6.333333333333333,2566.6666666666665,14.11111111111111,Puntiagudas,Gato
7.714285714285714,3528.5714285714284,12.842857142857143,Puntiagudas,Gato
6.818181818181818,3356.3636363636365,15.172727272727274,Puntiagudas,Gato
7.214285714285714,3280.0,14.707142857142857,Puntiagudas,Gato
6.666666666666667,2966.6666666666665,19.0,Puntiagudas,Gato
8.0,3884.0,15.580000000000002,Puntiagudas,Gato
6.615384615384615,2970.769230769231,14.23076923076923,Puntiagudas,Gato
7.0,3500.0,13.75,Puntiagudas,Gato
6.2727272727272725,2965.4545454545455,15.0,Puntiagudas,Gato
7.5,3235.0,13.241666666666667,Puntiagudas,Gato
6.833333333333333,3736.6666666666665,12.65,Puntiagudas,Gato
5.2,2744.0,15.8,Puntiagudas,Gato
7.5,4033.3333333333335,11.816666666666668,Puntiagudas,Gato
6.818181818181818,3527.2727272727275,14.354545454545455,Puntiagudas,Gato
6.4,3550.0,16.1,Puntiagudas,Gato
6.714285714285714,3417.1428571428573,12.557142857142859,Puntiagudas,Gato
5.666666666666667,3740.0,18.333333333333332,Puntiagudas,Gato
6.5,3180.0,18.5,Puntiagudas,Gato
6.428571428571429,3142.8571428571427,14.857142857142858,Puntiagudas,Gato
8.0,3057.1428571428573,15.142857142857142,Puntiagudas,Gato
6.666666666666667,2836.6666666666665,14.15,Puntiagudas,Gato
7.222222222222222,3457.777777777778,15.0,Puntiagudas,Gato
6.333333333333333,3135.0,16.166666666666668,Puntiagudas,Gato
6.583333333333333,3076.6666666666665,13.491666666666667,Puntiagudas,Gato
6.333333333333333,3388.8888888888887,15.444444444444445,Puntiagudas,Gato
8.375,3287.5,15.2375,Puntiagudas,Gato
6.9,2702.0,14.59,Puntiagudas,Gato
7.2727272727272725,2936.3636363636365,15.354545454545455,Puntiagudas,Gato
6.75,2801.6666666666665,14.833333333333334,Puntiagudas,Gato
7.384615384615385,3070.769230769231,15.3,Puntiagudas,Gato
7.333333333333333,2000.0,9.666666666666666,Puntiagudas,Gato
7.4,3832.0,13.790000000000001,Puntiagudas,Gato
7.5,3082.0,11.690000000000001,Puntiagudas,Gato
7.142857142857143,3164.285714285714,14.35,Puntiagudas,Gato
8.0,3666.6666666666665,15.0,Puntiagudas,Gato
6.857142857142857,3360.0,14.428571428571429,Puntiagudas,Gato
7.333333333333333,3666.6666666666665,16.666666666666668,Puntiagudas,Gato
6.6923076923076925,3240.0,15.23076923076923,Puntiagudas,Gato
6.3,2922.0,14.3,Puntiagudas,Gato
6.363636363636363,3510.909090909091,16.454545454545453,Puntiagudas,Gato
5.4,3200.0,13.4,Puntiagudas,Gato
6.7,3440.0,15.6,Puntiagudas,Gato
7.2,2400.0,16.6,Puntiagudas,Gato
7.3076923076923075,3292.3076923076924,14.3,Puntiagudas,Gato
8.0,3482.0,13.790000000000001,Puntiagudas,Gato
7.363636363636363,3481.818181818182,14.081818181818182,Puntiagudas,Gato
7.0,3024.0,13.0,Puntiagudas,Gato
5.875,2812.5,13.5,Puntiagudas,Gato
8.857142857142858,3117.1428571428573,14.12857142857143,Puntiagudas,Gato
7.0,3673.3333333333335,19.0,Puntiagudas,Gato
6.142857142857143,2014.2857142857142,14.285714285714286,Puntiagudas,Gato
7.714285714285714,2802.8571428571427,15.428571428571429,Puntiagudas,Gato
6.857142857142857,3414.285714285714,17.12857142857143,Puntiagudas,Gato
7.181818181818182,3492.7272727272725,15.354545454545455,Puntiagudas,Gato
7.384615384615385,3293.846153846154,13.223076923076924,Puntiagudas,Gato
5.666666666666667,3366.6666666666665,23.0,Puntiagudas,Gato
7.5,3366.6666666666665,12.816666666666668,Puntiagudas,Gato
7.25,3150.0,13.825000000000001,Puntiagudas,Gato
6.25,3125.0,14.75,Puntiagudas,Gato
5.8,3004.0,13.6,Puntiagudas,Gato
8.166666666666666,3700.0,13.983333333333334,Puntiagudas,Gato
7.555555555555555,3313.3333333333335,14.766666666666667,Puntiagudas,Gato
7.181818181818182,3163.6363636363635,13.354545454545455,Puntiagudas,Gato
7.0,2924.6153846153848,13.3,Puntiagudas,Gato
7.875,2615.0,11.4875,Puntiagudas,Gato
6.75,2780.0,13.75,Puntiagudas,Gato
8.0,3766.6666666666665,7.633333333333333,Puntiagudas,Gato
6.8,3500.0,13.4,Puntiagudas,Gato
6.5,2515.0,12.75,Puntiagudas,Gato
7.222222222222222,2922.222222222222,13.100000000000001,Puntiagudas,Gato
6.909090909090909,3209.090909090909,14.263636363636364,Puntiagudas,Gato
6.923076923076923,3155.3846153846152,14.615384615384615,Puntiagudas,Gato
7.25,1905.0,12.75,Puntiagudas,Gato
8.6,2960.0,12.379999999999999,Puntiagudas,Gato
6.769230769230769,3330.769230769231,14.761538461538462,Puntiagudas,Gato
7.230769230769231,3147.6923076923076,13.915384615384616,Puntiagudas,Gato
6.0,3513.3333333333335,15.0,Puntiagudas,Gato
6.666666666666667,3093.3333333333335,14.583333333333334,Puntiagudas,Gato
7.0,3833.3333333333335,19.0,Puntiagudas,Gato
6.7272727272727275,3410.909090909091,14.081818181818182,Puntiagudas,Gato
7.142857142857143,3280.0,14.707142857142857,Puntiagudas,Gato
7.333333333333333,3650.0,17.5,Puntiagudas,Gato
6.75,2902.5,17.25,Puntiagudas,Gato
7.0,3493.3333333333335,15.575000000000001,Puntiagudas,Gato
7.3076923076923075,3378.4615384615386,15.069230769230769,Puntiagudas,Gato
5.833333333333333,3353.3333333333335,12.833333333333334,Puntiagudas,Gato
6.8,3352.0,15.9,Puntiagudas,Gato
6.222222222222222,3166.6666666666665,14.11111111111111,Puntiagudas,Gato
6.666666666666667,4966.666666666667,16.666666666666668,Puntiagudas,Gato
6.888888888888889,2502.222222222222,13.211111111111112,Puntiagudas,Gato
6.2,3224.0,16.8,Puntiagudas,Gato
7.153846153846154,3186.153846153846,13.761538461538462,Puntiagudas,Gato
7.125,3250.0,13.875,Puntiagudas,Gato
7.0,2700.0,13.428571428571429,Puntiagudas,Gato
8.333333333333334,3600.0,15.299999999999999,Puntiagudas,Gato
6.6923076923076925,3076.923076923077,15.0,Puntiagudas,Gato
6.7272727272727275,3447.2727272727275,13.263636363636364,Puntiagudas,Gato
6.3,3392.0,13.59,Puntiagudas,Gato
7.0,3065.714285714286,13.992857142857144,Puntiagudas,Gato
9.4,3560.0,16.78,Puntiagudas,Gato
7.333333333333333,3506.6666666666665,13.633333333333333,Puntiagudas,Gato
6.666666666666667,3146.6666666666665,12.988888888888889,Puntiagudas,Gato
7.3076923076923075,3455.3846153846152,14.53076923076923,Puntiagudas,Gato
6.25,3350.0,11.75,Puntiagudas,Gato
8.4,4240.0,15.780000000000001,Puntiagudas,Gato
7.083333333333333,3066.6666666666665,13.075000000000001,Puntiagudas,Gato
9.333333333333334,3933.3333333333335,16.633333333333333,Puntiagudas,Gato
7.3,2892.0,14.89,Puntiagudas,Gato
7.0,3160.0,13.571428571428571,Puntiagudas,Gato
6.375,2812.5,13.75,Puntiagudas,Gato
7.333333333333333,2866.6666666666665,18.0,Puntiagudas,Gato
7.0,4206.666666666667,12.333333333333334,Puntiagudas,Gato
6.333333333333333,3513.3333333333335,16.444444444444443,Puntiagudas,Gato
7.5,3233.3333333333335,14.65,Puntiagudas,Gato
6.555555555555555,3457.777777777778,15.88888888888889,Puntiagudas,Gato
6.916666666666667,3618.3333333333335,15.408333333333333,Puntiagudas,Gato
8.0,3100.0,13.225,Puntiagudas,Gato
7.111111111111111,3000.0,15.11111111111111,Puntiagudas,Gato
7.0,3402.0,15.49,Puntiagudas,Gato
5.857142857142857,3302.8571428571427,14.428571428571429,Puntiagudas,Gato
6.125,3375.0,15.0,Puntiagudas,Gato
7.083333333333333,3526.6666666666665,14.741666666666667,Puntiagudas,Gato
5.5,3625.0,14.25,Puntiagudas,Gato
5.833333333333333,3516.6666666666665,15.666666666666666,Puntiagudas,Gato
6.8,3200.0,13.0,Puntiagudas,Gato
7.214285714285714,3315.714285714286,14.35,Puntiagudas,Gato
8.75,3975.0,18.0,Puntiagudas,Gato
7.3,3070.0,13.99,Puntiagudas,Gato
7.6,3120.0,14.8,Puntiagudas,Gato
6.923076923076923,3100.0,14.3,Puntiagudas,Gato
7.636363636363637,3038.181818181818,14.627272727272727,Puntiagudas,Gato
7.818181818181818,3210.909090909091,13.718181818181819,Puntiagudas,Gato
7.545454545454546,3572.7272727272725,14.9,Puntiagudas,Gato
5.5,2703.3333333333335,16.166666666666668,Puntiagudas,Gato
5.8,3000.0,13.8,Puntiagudas,Gato
6.9,3482.0,13.790000000000001,Puntiagudas,Gato
6.9,3542.0,15.49,Puntiagudas,Gato
7.625,3052.5,14.3625,Puntiagudas,Gato
7.111111111111111,3222.222222222222,15.777777777777779,Puntiagudas,Gato
6.636363636363637,3045.4545454545455,14.818181818181818,Puntiagudas,Gato
6.666666666666667,2933.3333333333335,16.833333333333332,Puntiagudas,Gato
7.666666666666667,3102.222222222222,14.544444444444444,Puntiagudas,Gato
6.333333333333333,3235.5555555555557,16.555555555555557,Puntiagudas,Gato
7.5,3287.5,12.9875,Puntiagudas,Gato
7.357142857142857,3237.1428571428573,13.992857142857144,Puntiagudas,Gato
6.363636363636363,2874.5454545454545,15.0,Puntiagudas,Gato
7.153846153846154,2924.6153846153848,14.684615384615386,Puntiagudas,Gato
6.75,3043.3333333333335,13.241666666666667,Puntiagudas,Gato
7.0,3200.0,11.316666666666668,Puntiagudas,Gato
7.5,3380.0,15.09,Puntiagudas,Gato
7.0,2722.222222222222,14.11111111111111,Puntiagudas,Gato
7.0,2877.5,13.7375,Puntiagudas,Gato
7.666666666666667,2040.0,13.0,Puntiagudas,Gato
7.636363636363637,3256.3636363636365,12.445454545454545,Puntiagudas,Gato
6.9,3100.0,15.0,Puntiagudas,Gato
7.714285714285714,2900.0,11.271428571428572,Puntiagudas,Gato
7.222222222222222,3435.5555555555557,15.877777777777778,Puntiagudas,Gato
7.285714285714286,3845.714285714286,12.557142857142859,Puntiagudas,Gato
6.0,2974.5454545454545,14.363636363636363,Puntiagudas,Gato
7.25,3325.0,8.225,Puntiagudas,Gato
5.75,3750.0,17.25,Puntiagudas,Gato
6.333333333333333,4166.666666666667,18.666666666666668,Puntiagudas,Gato
6.636363636363637,3010.909090909091,15.727272727272727,Puntiagudas,Gato
7.666666666666667,2822.222222222222,14.544444444444444,Puntiagudas,Gato
7.142857142857143,3280.0,14.707142857142857,Puntiagudas,Gato
7.666666666666667,3401.6666666666665,14.491666666666667,Puntiagudas,Gato
7.5,3600.0,18.725,Puntiagudas,Gato
7.428571428571429,3988.5714285714284,18.271428571428572,Puntiagudas,Gato
5.666666666666667,2000.0,16.333333333333332,Puntiagudas,Gato
7.6,3182.0,13.99,Puntiagudas,Gato
6.333333333333333,3124.4444444444443,14.222222222222221,Puntiagudas,Gato
8.444444444444445,3702.222222222222,15.766666666666667,Puntiagudas,Gato
7.3,2830.0,14.39,Puntiagudas,Gato
7.5,3915.0,13.2375,Puntiagudas,Gato
7.2,4080.0,15.4,Puntiagudas,Gato
7.416666666666667,3243.3333333333335,13.825000000000001,Puntiagudas,Gato
7.071428571428571,3244.285714285714,13.707142857142857,Puntiagudas,Gato
7.153846153846154,3215.3846153846152,13.607692307692307,Puntiagudas,Gato
7.333333333333333,2646.6666666666665,11.655555555555557,Puntiagudas,Gato
7.1,3480.0,14.190000000000001,Puntiagudas,Gato
8.2,2484.0,10.98,Puntiagudas,Gato
7.285714285714286,2628.5714285714284,16.142857142857142,Puntiagudas,Gato
5.4,2700.0,15.0,Puntiagudas,Gato
7.1,3050.0,14.7,Puntiagudas,Gato
6.923076923076923,3100.0,14.3,Puntiagudas,Gato
7.0,4480.0,18.8,Puntiagudas,Gato
7.0,2850.0,15.666666666666666,Puntiagudas,Gato
7.666666666666667,3235.0,14.741666666666667,Puntiagudas,Gato
7.285714285714286,3502.8571428571427,13.12857142857143,Puntiagudas,Gato
6.9,3150.0,15.0,Puntiagudas,Gato
6.666666666666667,3326.6666666666665,14.741666666666667,Puntiagudas,Gato
7.111111111111111,3402.222222222222,15.333333333333334,Puntiagudas,Gato
7.636363636363637,3129.090909090909,14.445454545454545,Puntiagudas,Gato
7.571428571428571,3271.4285714285716,14.271428571428572,Puntiagudas,Gato
5.875,2902.5,15.25,Puntiagudas,Gato
6.571428571428571,3388.5714285714284,16.714285714285715,Puntiagudas,Gato
6.2,3662.0,15.5,Puntiagudas,Gato
7.214285714285714,3280.0,14.707142857142857,Puntiagudas,Gato
5.75,3650.0,13.0,Puntiagudas,Gato
6.0,3191.1111111111113,15.88888888888889,Puntiagudas,Gato
5.666666666666667,3183.3333333333335,16.166666666666668,Puntiagudas,Gato
6.5,3600.0,16.25,Puntiagudas,Gato
6.2,2520.0,16.2,Puntiagudas,Gato
6.454545454545454,3174.5454545454545,14.718181818181819,Puntiagudas,Gato
7.2,2520.0,17.0,Puntiagudas,Gato
6.545454545454546,2610.909090909091,15.0,Puntiagudas,Gato
7.0,3302.222222222222,14.777777777777779,Puntiagudas,Gato
7.0,3024.0,13.0,Puntiagudas,Gato
6.230769230769231,3278.4615384615386,15.461538461538462,Puntiagudas,Gato
6.8,2400.0,13.8,Puntiagudas,Gato
7.142857142857143,3717.1428571428573,14.271428571428572,Puntiagudas,Gato
7.214285714285714,3208.5714285714284,14.707142857142857,Puntiagudas,Gato
6.333333333333333,4166.666666666667,18.666666666666668,Puntiagudas,Gato
7.5,3058.3333333333335,12.991666666666667,Puntiagudas,Gato
7.75,3350.0,12.3625,Puntiagudas,Gato
6.714285714285714,2945.714285714286,16.0,Puntiagudas,Gato
8.4,3640.0,15.98,Puntiagudas,Gato
6.111111111111111,3000.0,17.11111111111111,Puntiagudas,Gato
7.777777777777778,3602.222222222222,13.877777777777778,Puntiagudas,Gato
7.7,3130.0,14.190000000000001,Puntiagudas,Gato
6.6923076923076925,3416.923076923077,14.069230769230769,Puntiagudas,Gato
7.333333333333333,3757.777777777778,14.988888888888889,Puntiagudas,Gato
7.0,2780.0,14.0,Puntiagudas,Gato
8.25,3587.5,12.7375,Puntiagudas,Gato
6.454545454545454,2829.090909090909,12.818181818181818,Puntiagudas,Gato
6.833333333333333,3260.0,15.666666666666666,Puntiagudas,Gato
7.25,3630.0,14.5,Puntiagudas,Gato
7.818181818181818,3347.2727272727275,13.263636363636364,Puntiagudas,Gato
7.0,2724.0,14.8,Puntiagudas,Gato
7.0,3642.0,14.99,Puntiagudas,Gato
6.6923076923076925,3201.5384615384614,15.384615384615385,Puntiagudas,Gato
7.3,3030.0,14.09,Puntiagudas,Gato
7.181818181818182,3129.090909090909,13.536363636363637,Puntiagudas,Gato
7.363636363636363,2981.818181818182,14.718181818181819,Puntiagudas,Gato
7.6,2840.0,12.18,Puntiagudas,Gato
6.555555555555555,3066.6666666666665,15.222222222222221,Puntiagudas,Gato
7.230769230769231,3253.846153846154,14.684615384615386,Puntiagudas,Gato
7.071428571428571,3065.714285714286,13.635714285714286,Puntiagudas,Gato
7.5,3201.6666666666665,15.575000000000001,Puntiagudas,Gato
7.0,3057.777777777778,14.988888888888889,Puntiagudas,Gato
6.8,1920.0,15.0,Puntiagudas,Gato
